Cluster,temp,rhum,wspd,pres,AQI_PM25,hour,day_of_week,month
0,18.748127753303965,68.46971365638767,0.6330947136563877,1014.4876651982379,351.35483870967744,11.45319383259912,2.949339207048458,6.905837004405286
1,15.235249042145593,73.73409961685823,0.6619157088122606,1016.6383141762452,196.17448856799038,11.705747126436782,3.049808429118774,6.729501915708812
2,31.292056074766354,44.83852544132918,7.180166147455867,1003.879906542056,128.52351097178683,10.2668743509865,2.902388369678089,5.179127725856698
3,29.938802919708028,62.34919708029197,1.159124087591241,1003.1474744525548,154.16563513115238,12.13985401459854,3.0902189781021896,7.181605839416059
